{
  "source": "../api/overview.md",
  "modules": [
    {
      "textRaw": "综述",
      "name": "综述",
      "desc": "<p>Auto.js使用<a href=\"https://developer.mozilla.org/zh-CN/docs/Web/JavaScript\">JavaScript</a>作为脚本语言，目前使用<a href=\"https://developer.mozilla.org/zh-CN/docs/Mozilla/Projects/Rhino\">Rhino 1.7.7.2</a>作为脚本引擎，支持ES5与部分ES6特性。</p>\n<ul>\n<li>因为Auto.js是基于JavaScript的，学习Auto.js的API之前建议先学习JavaScript的基本语法和内置对象，可以使用教程前面的两个JavaScript教程链接来学习。</li>\n<li>如果您想要使用TypeScript来开发，目前已经有开发者公布了一个可以把使用TypeScript进行Auto.js开发的工具，参见<a href=\"https://github.com/pboymt/autojs-dev\">Auto.js DevTools</a>。</li>\n<li>如果想要在电脑而不是手机上开发Auto.js，可以使用VS Code以及相应的Auto.js插件使得在电脑上编辑的脚本能推送到手机运行，参见<a href=\"https://github.com/hyb1996/Auto.js-VSCode-Extension\">Auto.js-VSCode-Extension</a>，Auto.js Pro用户则需要使用<a href=\"https://marketplace.visualstudio.com/items?itemName=hyb1996.auto-js-pro-ext\">Auto.js-Pro-Ext</a>。</li>\n</ul>\n<p>本文档的章节大致上是以模块来分的，总体上可以分成&quot;自动操作&quot;类模块(控件操作、触摸模拟、按键模拟等)和其他类模块(设备、应用、界面等)。</p>\n<p>&quot;自动操作&quot;的部分又可以大致分为基于控件和基于坐标的操作。基于坐标的操作是传统按键精灵、触摸精灵等脚本软件采用的方式，通过屏幕坐标来点击、长按指定位置模拟操作，从而到达目的。例如<code>click(100, 200)</code>, <code>press(100, 200, 500)</code>等。这种方式在游戏类脚本中比较有可行性，结合找图找色、坐标放缩功能也能达到较好的兼容性。但是，这种方式对一般软件脚本却难以达到想要的效果，而且这种方式需要安卓7.0版本以上或者root权限才能执行。所以对于一般软件脚本(例如批量添加联系人、自动提取短信验证码等等)，我们采用基于控件的模拟操作方式，结合通知事情、按键事情等达成更好的工作流。这些部分的文档参见<a href=\"widgets-based-automation.html\">基于控件的操作</a>和<a href=\"coordinates-based-automation.html\">基于坐标的操作</a>。</p>\n<p>其他部分主要包括：</p>\n<ul>\n<li>app: 应用。启动应用，卸载应用，使用应用查看、编辑文件、访问网页，发送应用间广播等。</li>\n<li>console: 控制台。记录运行的日志、错误、信息等。</li>\n<li>device: 设备。获取设备屏幕宽高、系统版本等信息，控制设备音量、亮度等。</li>\n<li>engines: 脚本引擎。用于启动其他脚本。</li>\n<li>events: 事件与监听。按键监听，通知监听，触摸监听等。</li>\n<li>floaty: 悬浮窗。用于显示自定义的悬浮窗。</li>\n<li>files: 文件系统。文件创建、获取信息、读写。</li>\n<li>http: HTTP。发送HTTP请求，例如GET, POST等。</li>\n<li>images, colors: 图片和图色处理。截图，剪切图片，找图找色，读取保存图片等。</li>\n<li>keys: 按键模拟。比如音量键、Home键模拟等。</li>\n<li>shell: Shell命令。</li>\n<li>threads: 多线程支持。</li>\n<li>ui: UI界面。用于显示自定义的UI界面，和用户交互。</li>\n</ul>\n<p>除此之外，Auto.js内置了对<a href=\"https://developer.mozilla.org/zh-CN/docs/Web/JavaScript/Reference/Global_Objects/Promise\">Promise</a>。</p>\n",
      "type": "module",
      "displayName": "综述"
    }
  ]
}